{"test_metric": 0.007803670673152907, "_timestamp": 1705681398.209756, "_runtime": 0.74662184715271, "_step": 99, "_wandb": {"runtime": 0}}